,distance,width,movement_time
2761,75,8,994
5522,120,20,436
3602,75,6,910
5830,75,14,760
1491,210,8,1025
5145,210,8,750
1144,160,14,1113
2985,120,20,834
6066,75,20,536
4398,40,8,577
3346,210,18,774
1725,40,8,469
2935,210,10,720
3059,75,14,741
1453,120,20,820
3860,210,10,1008
1390,40,14,636
5834,75,14,553
1195,60,6,696
2395,40,8,581
5383,40,20,344
645,40,14,689
1976,160,10,1018
5967,75,6,1246
805,160,14,979
4303,60,18,607
2047,210,14,1030
2672,210,6,1210
3332,210,8,1167
5628,60,14,423
546,120,14,784
4161,160,8,886
836,60,20,593
1173,75,14,594
1641,40,6,474
2897,60,20,657
3234,40,6,1254
875,120,8,1114
5863,40,20,528
3956,40,10,720
506,40,18,712
2846,60,6,737
2707,60,6,845
1559,120,10,1145
883,120,8,1139
4583,210,8,1033
1033,75,8,768
1007,210,6,978
102,75,6,873
1319,60,8,535
2348,75,8,697
583,120,6,862
5905,210,14,887
4017,75,14,454
2603,75,6,960
5576,210,10,729
5204,160,14,578
4132,75,20,482
1910,75,20,327
4531,75,8,753
4973,210,20,617
5206,160,14,744
5417,160,10,713
2816,210,18,930
4751,75,8,600
3728,60,14,793
2169,210,6,934
1768,60,14,411
912,40,20,430
2718,60,8,710
3675,75,14,591
3232,160,14,1014
4219,210,18,624
2347,60,14,464
3899,60,20,569
1048,40,10,465
3996,40,8,609
2442,75,18,606
5856,160,6,1440
3606,75,6,918
2046,210,14,960
3599,75,6,872
1626,75,8,614
863,160,10,1151
5747,40,8,368
4769,120,20,569
210,210,6,984
2817,210,18,1121
3380,160,20,651
6081,60,10,616
1446,120,20,649
1316,60,8,545
72,60,14,608
2100,75,6,775
5783,60,8,466
5432,60,10,539
2325,120,18,463
4078,210,20,665
358,210,10,1063
1960,75,14,696
21,75,14,634
572,120,8,911
5140,160,18,513
2176,40,18,386
4933,60,20,393
1667,210,20,751
5176,40,10,408
5287,75,14,409
4100,60,18,478
3222,160,6,1224
3056,75,20,529
192,160,8,952
3105,75,18,335
2221,75,10,569
3735,60,14,594
3025,40,20,416
5437,60,10,374
4434,210,20,626
2911,60,10,687
5258,60,20,353
3651,40,18,608
6057,210,6,1721
1731,60,18,417
654,210,14,795
1970,75,14,437
2479,40,10,499
5324,40,14,432
3727,120,8,793
4106,40,20,395
3378,160,20,576
3434,75,8,609
5412,160,10,872
978,210,8,1296
3391,120,20,505
5453,210,14,672
3807,40,14,485
5198,40,8,415
2838,120,18,786
2214,60,10,391
1488,210,8,975
3545,120,6,1312
2499,60,10,562
3205,60,18,478
1711,40,14,400
5210,40,6,545
3885,210,6,889
5687,120,10,512
4466,75,20,415
1561,120,10,727
4166,160,8,814
5797,210,8,730
137,120,18,610
1530,120,10,797
2843,60,6,917
4649,210,8,1014
440,40,6,920
3168,75,6,690
949,60,8,793
2484,120,10,791
6077,75,18,479
345,120,20,665
5451,160,18,537
1824,40,20,303
5974,75,6,625
2322,120,18,434
2960,40,14,561
4006,160,14,844
2208,60,10,490
1574,75,18,448
12,75,14,888
118,160,18,695
378,40,8,881
1784,60,6,511
6151,60,20,745
3812,160,10,1095
240,160,6,786
3958,40,10,503
4172,120,6,794
784,60,14,599
763,40,8,690
3865,210,10,746
2477,40,10,478
5366,75,18,423
2389,160,8,1058
4206,75,18,473
5686,120,10,600
3064,75,14,704
4449,160,6,1006
1982,160,10,856
6001,120,8,1375
4986,160,10,646
3983,210,14,703
230,60,20,472
4949,40,20,400
3579,60,20,641
3561,40,8,889
5699,40,20,229
466,120,10,830
1164,40,6,626
4274,40,18,544
5224,75,20,396
4130,75,20,472
5540,40,10,357
135,120,18,561
4607,60,6,1062
633,210,6,1274
2546,120,14,794
2034,160,18,687
4131,75,20,414
5883,160,18,1118
4617,40,10,454
3844,160,18,777
1904,75,10,373
593,160,10,793
1802,210,6,806
3238,40,6,689
4369,75,6,927
3201,60,10,704
2063,60,6,547
3777,75,20,512
3919,160,18,614
4559,75,10,666
1232,75,6,667
4637,60,10,689
5682,160,20,523
2629,75,8,610
3948,160,10,800
4033,60,6,557
5040,160,20,792
6007,120,8,1361
3622,60,6,765
2069,120,14,744
5972,75,6,1338
4968,210,10,786
4882,120,6,1032
5754,75,14,360
1264,210,14,889
5274,120,8,736
4674,75,18,527
5489,75,8,550
1556,120,10,750
2655,120,6,1057
5712,210,18,504
1948,40,20,312
3952,160,10,653
4820,75,20,592
3987,210,14,662
6111,210,18,1208
6046,75,8,694
3923,160,6,856
2570,210,8,858
1071,160,18,800
834,120,20,747
2140,60,20,434
6135,210,20,896
2523,160,6,864
5249,60,6,594
2954,40,10,640
4000,160,14,695
41,210,20,808
4345,120,6,888
5971,75,6,815
2936,210,10,918
5134,160,18,499
3831,120,14,650
2717,60,8,570
2424,75,14,526
258,40,20,343
5642,60,20,335
4107,40,20,352
5421,75,10,701
3689,60,18,534
3718,120,8,986
725,210,8,1072
3951,160,10,889
886,120,6,1223
2167,210,6,1031
5388,40,18,358
2279,210,18,910
2360,210,14,918
1854,60,8,456
2710,60,8,601
20,75,14,671
3114,120,14,728
3714,160,6,1158
4582,210,8,871
5087,160,10,791
871,210,18,1191
1056,75,18,602
3717,160,6,888
6012,120,18,863
2191,160,6,1083
803,40,18,577
4729,40,10,535
5299,210,20,606
1096,120,14,606
3600,75,6,930
5717,120,6,672
4189,60,10,599
2585,40,6,540
3038,160,20,921
5653,75,18,407
2373,210,20,816
3726,120,8,931
5351,75,6,784
4314,60,14,544
4818,210,14,736
4016,75,14,609
3633,120,18,960
4599,75,14,502
3617,40,10,563
3173,40,10,408
480,120,20,1007
2818,210,18,898
838,60,20,760
4011,75,14,527
2340,60,14,544
5650,75,18,321
5729,120,6,702
2971,60,8,786
4487,120,8,845
5053,160,6,766
5225,75,20,447
5602,40,14,344
1369,210,6,822
5136,160,18,413
1799,120,14,495
4003,160,14,696
5726,120,6,679
2320,120,18,481
5764,40,6,412
2168,210,6,1161
3264,210,6,1199
5061,160,6,889
5390,40,18,349
5100,60,8,429
2963,40,14,482
1611,60,10,721
1500,75,20,480
3750,160,14,749
2078,120,14,919
2572,210,8,1153
2240,40,10,429
1198,60,6,598
1183,40,18,473
1289,40,8,553
5843,40,6,694
4763,120,20,523
30,160,10,1032
2519,60,18,423
3507,60,10,1022
4068,60,14,423
5378,40,20,323
364,210,10,913
5360,210,18,825
2658,40,18,394
5773,40,6,489
2253,75,18,391
4718,40,18,633
884,120,8,903
566,120,8,1048
2398,40,8,528
307,40,18,398
2777,120,10,768
5589,160,14,536
300,60,10,574
1727,60,18,391
1734,60,18,438
5853,160,6,1216
5349,75,6,673
4987,160,10,655
1502,75,20,431
5380,40,20,360
3560,40,8,1327
4990,40,6,598
2459,60,14,466
2266,210,8,992
5557,160,8,763
3752,160,14,714
1746,75,6,591
2252,75,18,384
2566,210,8,1184
2549,120,14,927
3409,160,18,536
3527,210,20,992
236,60,20,409
1536,60,20,366
5353,75,6,592
3311,210,14,977
1080,210,20,768
3826,120,10,712
4307,60,18,518
4965,210,10,729
612,160,18,1041
492,75,18,790
4459,75,20,365
4377,210,18,761
3297,160,8,751
4749,120,14,578
3021,75,10,879
1800,120,14,480
3248,210,6,1199
1827,40,20,247
416,75,8,920
1650,210,14,726
3143,75,20,687
5410,160,10,1042
1272,75,10,641
1790,60,6,462
4380,210,18,768
1436,60,10,553
5058,160,6,953
3829,120,14,623
5607,160,6,674
2805,40,6,767
2437,210,10,1097
2828,40,8,564
1797,120,14,477
2892,160,8,993
2516,60,18,474
1209,60,18,448
1992,160,8,1711
4088,75,8,713
523,75,14,788
4621,40,10,622
3920,160,18,748
5476,60,6,518
4116,120,14,494
172,40,6,832
3754,160,14,823
4964,210,10,936
3639,75,8,1002
5514,120,20,446
3626,60,6,809
5531,60,18,416
622,210,18,863
4242,40,6,482
5907,210,14,968
1764,60,14,462
2132,120,10,887
620,210,18,944
3549,210,10,1355
4129,75,20,374
4810,210,14,1068
2545,120,14,825
4512,210,6,1135
3529,210,8,1608
3713,160,6,961
1052,40,10,695
512,40,18,544
4667,160,6,960
4243,40,6,632
3302,40,20,303
5301,210,20,627
1848,60,8,583
578,75,6,1104
3877,160,20,714
5346,75,6,591
3206,60,18,872
1631,75,8,591
461,60,14,738
1107,210,10,880
4290,160,14,811
2327,120,18,530
4905,160,20,472
5397,120,18,545
1074,160,18,735
4333,120,10,728
6002,120,8,1048
3852,210,14,804
2716,60,8,857
5518,120,20,434
1247,160,20,822
2357,75,8,688
3834,120,14,616
686,120,18,997
6010,120,18,803
173,40,6,535
4529,75,8,750
819,75,6,903
2697,75,10,648
1273,75,10,585
2641,160,20,823
4885,120,6,754
1408,160,6,1070
3163,75,6,1142
4332,120,10,753
1263,210,14,855
2157,40,14,418
4436,60,10,470
1682,160,10,696
3421,120,18,474
684,120,18,733
2352,75,8,706
227,160,14,726
3295,160,8,859
3080,60,18,531
4788,75,14,512
2957,40,14,624
351,120,10,768
2282,40,6,787
1251,75,8,741
3418,120,18,817
2731,210,8,1121
149,60,6,742
4473,40,14,288
2518,60,18,561
627,60,6,891
5639,60,20,368
3117,120,14,879
4344,120,6,856
771,120,10,1184
1389,40,14,429
317,60,8,890
1690,40,10,401
4549,160,10,832
951,60,8,816
970,60,6,521
3684,40,20,669
2095,75,6,833
4246,40,6,690
1100,210,10,1073
46,75,20,912
1045,40,10,440
2276,210,18,744
1542,210,18,785
1075,160,18,753
278,210,18,823
381,40,8,681
4813,210,14,764
4403,40,8,504
2769,75,8,831
4651,210,8,967
3879,210,6,743
2639,160,20,784
5588,160,14,519
3586,60,20,656
4545,160,10,871
3365,60,14,511
3477,210,10,1128
3803,40,14,425
1664,75,14,529
112,160,20,766
4058,75,10,649
4446,160,6,1167
169,40,14,435
4725,40,10,646
5020,75,8,784
2709,60,6,775
907,40,20,364
4354,210,14,871
1350,60,14,504
2328,120,18,464
659,210,14,1041
5816,40,14,643
3400,120,20,442
2111,210,10,771
5710,210,18,550
1300,120,18,645
4378,210,18,760
4152,120,8,552
5901,120,20,631
542,75,20,670
3789,75,18,561
5259,60,20,360
4159,160,8,744
4711,40,18,497
5535,40,10,491
3137,40,8,478
5995,160,8,1008
405,40,20,640
1995,160,8,1027
2509,40,14,503
981,210,8,1228
761,40,8,569
4991,40,6,488
3848,210,14,1232
3065,75,14,770
1467,120,6,625
965,60,10,993
3806,40,14,497
394,210,10,1143
75,60,14,561
1020,160,6,1024
3805,40,14,551
1134,40,20,433
422,60,10,704
1738,75,6,561
5186,75,10,415
3075,210,20,819
1376,160,10,703
4366,75,6,1112
2765,75,8,679
1138,40,20,470
3348,210,18,818
880,120,8,1064
2635,75,8,735
665,160,20,767
1148,160,14,848
6018,120,18,577
4423,40,20,384
599,160,10,1065
4447,160,6,841
4057,75,10,688
3629,120,18,930
1307,210,20,871
3743,160,20,649
2778,120,10,1071
5159,60,18,390
6090,60,14,556
5603,40,14,312
1346,160,18,722
3377,160,20,745
188,160,8,809
3449,40,14,1088
9,210,8,1269
1136,40,20,474
4029,120,20,568
116,160,20,751
3015,75,10,849
1947,40,20,378
1234,75,6,699
508,40,18,734
5179,75,10,600
2015,40,8,553
3970,120,10,696
3559,40,8,1223
6000,120,8,872
2766,75,8,818
5404,120,18,753
2899,60,20,866
4735,120,10,669
1154,40,6,624
4939,60,20,400
4717,40,18,504
1767,60,14,397
5537,40,10,406
3869,160,20,586
1011,160,6,1113
4771,60,14,450
1457,120,14,616
4202,120,18,624
6031,120,6,1913
5253,60,6,545
3541,120,6,936
4833,75,6,607
1456,120,14,712
5496,75,20,494
1490,210,8,826
5413,160,10,792
4384,210,10,1032
3057,75,14,653
246,160,6,914
853,160,8,1088
3303,40,20,241
2457,60,14,669
5012,120,6,840
6024,60,6,926
2693,75,10,815
5968,75,6,745
5123,210,10,713
3440,75,8,711
3666,210,6,1289
4373,75,6,968
5566,75,6,532
5232,75,20,414
6103,40,10,475
311,40,18,414
677,40,8,1026
3775,75,20,482
5436,60,10,448
576,75,6,1007
3995,40,8,505
735,60,20,561
2789,210,14,770
4269,40,18,583
1666,210,20,697
618,210,18,989
3454,75,14,554
1082,210,20,809
4868,160,18,826
1280,75,10,639
1510,160,8,815
2851,60,6,757
4713,40,18,464
2018,40,8,456
2649,120,6,849
4741,120,14,718
5575,210,10,873
5443,160,18,586
5282,75,14,418
469,120,10,774
2806,40,6,877
2721,160,14,776
336,120,20,625
2030,160,14,1096
1487,210,8,1104
4346,120,6,957
3608,75,6,1055
5985,40,18,496
3464,120,6,1199
4908,160,20,592
4185,60,10,575
5281,75,14,405
585,120,6,863
3686,40,20,750
1766,60,14,393
3320,210,14,856
5649,75,18,423
3930,160,6,1048
3490,60,8,479
4605,75,14,609
3842,160,18,806
1024,160,20,721
1452,120,20,574
1143,160,14,980
1803,210,6,793
2076,120,14,930
2737,210,8,1217
1880,160,14,567
5146,210,8,930
3571,40,6,819
4239,40,6,519
1128,75,14,874
1873,120,6,594
3953,160,10,816
3836,120,14,625
1221,120,8,675
1373,210,6,863
3411,160,18,735
3573,40,6,831
6152,60,20,439
4495,160,8,1029
5761,75,14,418
6136,210,20,727
5890,160,18,657
1637,40,6,462
740,60,20,560
1548,210,18,608
4843,160,8,695
706,40,10,1063
4553,160,10,814
3371,60,14,353
3568,40,8,590
1589,120,20,649
674,40,8,1018
6033,120,6,1359
2677,75,20,490
1525,120,10,686
226,160,14,753
4069,60,14,441
62,120,8,893
4874,160,18,814
6083,60,10,536
3654,40,18,497
4257,60,8,663
1686,40,10,497
5945,210,10,1136
4877,120,6,663
4251,60,8,1030
3452,40,14,371
5350,75,6,608
2900,60,20,720
4225,210,18,649
5838,75,14,498
5617,160,6,668
3988,210,14,976
260,210,14,856
45,75,20,636
3315,210,14,786
3564,40,8,837
4625,40,10,561
994,60,18,445
2590,40,6,550
2306,60,8,672
5250,60,6,534
2129,120,10,984
2427,75,14,642
2515,60,18,488
2175,40,18,415
4063,75,10,521
3979,210,14,810
2589,40,6,568
4695,60,8,673
1255,75,8,589
2344,60,14,416
2995,120,6,929
5446,160,18,502
4192,60,10,466
971,60,6,918
939,75,10,897
1172,75,14,600
3903,60,8,753
3062,75,14,734
389,40,8,593
517,210,20,824
2464,210,18,842
176,40,6,615
4538,120,18,656
3592,60,8,801
2532,120,18,648
4275,40,18,632
80,120,6,857
2943,210,10,997
3432,75,8,626
1449,120,20,602
177,40,6,851
1977,160,10,872
2562,160,18,805
5362,210,18,904
2760,160,14,865
2202,60,10,799
1569,120,18,539
4904,160,20,655
2248,75,18,514
1765,60,14,482
1893,210,10,626
2696,75,10,581
913,40,20,530
5824,210,8,1008
1695,40,10,416
3993,40,8,614
2681,75,20,450
178,40,6,679
5043,120,10,704
1983,160,10,889
2372,210,20,822
6138,210,20,1232
4866,160,18,671
4287,60,20,544
5501,75,20,395
5958,160,20,607
2784,210,14,848
6008,120,8,1073
2497,60,10,576
1460,120,14,608
1636,40,6,482
4950,160,14,820
557,160,6,1138
6119,160,14,847
5327,40,14,352
901,40,14,441
1952,60,18,880
5345,75,6,592
4839,75,6,544
2521,60,18,503
3748,160,14,720
4407,120,20,624
2483,120,10,674
3939,75,6,673
4349,120,6,834
5035,160,20,715
3698,120,20,799
4787,75,14,608
4234,40,18,353
5916,40,8,925
3102,75,18,390
5714,210,18,520
5680,160,20,487
1651,210,14,657
6169,160,10,944
2184,40,18,438
4815,210,14,753
988,60,18,456
6072,75,18,464
2045,210,14,1303
5678,160,20,470
2861,160,10,1203
1214,60,18,526
3344,210,18,777
5416,160,10,945
2422,75,14,623
968,60,6,680
1288,40,8,592
3129,120,10,978
256,40,20,406
5892,160,18,760
4120,120,14,537
4401,40,8,511
820,75,6,1137
3620,60,6,782
1241,160,20,662
4907,160,20,590
6116,210,18,817
1520,120,10,971
2931,40,18,400
71,60,14,528
3307,40,20,215
783,120,18,761
76,120,6,1086
198,75,10,625
4705,120,8,711
2559,160,18,789
3906,60,8,582
4210,75,18,384
233,60,20,575
3753,160,14,871
1188,60,20,456
320,60,8,784
3802,40,14,461
1998,160,20,840
4709,120,8,721
1656,75,14,639
4288,160,14,1081
1897,75,10,546
3498,60,8,776
5007,120,6,800
5640,60,20,327
438,40,6,869
5727,120,6,615
3128,120,10,830
1891,210,10,782
4388,210,10,831
1157,40,6,736
1425,210,10,894
5627,60,14,368
4890,40,14,449
2105,210,10,1344
1917,75,20,639
1936,75,20,601
3370,60,14,561
4951,160,14,704
2183,40,18,390
2834,120,18,886
2453,60,14,527
2729,160,14,821
255,40,20,458
3364,60,14,736
5705,210,18,598
1321,60,8,514
4917,75,10,647
2050,210,14,840
2121,120,6,1093
3504,60,10,861
2831,40,8,639
195,75,10,696
5698,40,20,256
1043,40,10,751
2502,40,14,522
3213,160,6,1280
3515,160,8,1006
5363,210,18,616
4624,40,10,495
4952,160,14,727
4158,160,8,752
1240,160,20,673
6137,210,20,744
3014,210,6,2034
1779,160,8,685
588,120,6,921
3334,75,10,589
1524,120,10,578
2082,120,20,582
5318,120,14,472
181,40,6,601
3485,210,10,945
185,160,8,920
2312,120,8,794
1431,210,10,825
712,40,10,720
726,210,8,1401
497,160,8,1160
1362,210,6,938
2021,40,8,479
3045,160,20,897
64,120,8,1187
6006,120,8,823
3385,160,20,607
555,160,6,1185
5517,120,20,486
5969,75,6,998
4670,75,18,607
281,40,10,840
2895,60,20,547
3990,40,8,656
5619,60,14,456
4699,60,8,633
4767,120,20,583
2481,120,10,914
6155,60,20,704
4096,60,18,407
1432,210,10,918
1344,160,18,672
1472,120,6,888
6084,60,10,640
23,160,10,1114
1934,75,20,671
5010,120,6,791
4802,210,18,744
4488,120,8,756
4445,60,10,475
4179,120,6,599
4148,120,8,871
3670,75,14,585
2064,60,6,760
5751,75,14,421
3338,75,10,1175
5000,40,6,639
3476,210,10,962
4416,40,20,464
1462,120,14,723
5532,60,18,357
2495,60,10,631
3957,40,10,705
4852,60,6,730
4747,120,14,664
6165,160,10,939
5523,60,18,360
5844,40,6,545
695,60,18,796
4930,60,20,489
5143,160,18,528
2288,40,6,701
3628,60,6,1208
2412,120,20,718
5147,210,8,760
4770,60,14,701
3254,210,6,1002
4220,210,18,632
6003,120,8,897
2199,160,6,784
4072,60,14,447
145,75,8,722
4746,120,14,698
2469,210,18,761
1227,75,6,535
2426,75,14,542
5539,40,10,415
513,210,20,805
4227,40,18,336
4184,60,10,440
5787,60,8,584
4280,60,20,535
5569,75,6,674
3787,210,18,777
2774,120,10,658
2826,40,8,708
1215,60,18,457
5097,60,8,647
548,120,14,927
4237,40,6,567
619,210,18,875
2807,40,6,676
5772,40,6,447
5701,40,20,256
3396,120,20,591
1190,60,20,533
3345,210,18,760
4324,120,14,576
4351,120,6,896
366,210,10,817
582,75,6,928
4317,60,14,741
1455,120,20,571
1119,210,14,905
4873,160,18,625
1773,160,8,855
1590,120,20,535
4440,60,10,545
3423,160,10,1095
3776,75,20,615
611,160,18,753
5657,75,18,407
5358,210,18,801
2321,120,18,424
4085,75,8,784
2666,210,6,1521
43,210,20,824
3473,120,6,1073
3158,40,18,453
124,160,18,707
1298,120,18,720
1915,75,20,367
3729,60,14,545
5716,120,6,534
1076,160,18,687
6140,60,18,560
5590,160,14,506
1741,75,6,696
5439,60,10,574
2019,40,8,490
3318,210,14,848
1238,160,20,690
5167,40,10,572
1193,60,20,505
1547,210,18,625
3146,75,20,750
4477,40,14,357
2675,210,6,1053
5549,120,8,609
5239,160,8,849
200,75,10,740
6102,40,10,495
6070,75,18,734
797,40,18,582
5240,160,8,685
2799,60,14,575
5120,210,6,805
1057,75,18,585
5739,40,18,226
4962,210,10,1023
4294,160,14,736
3954,160,10,890
679,40,8,814
2496,60,10,553
6114,210,18,744
4781,75,14,618
3736,60,14,542
4742,120,14,705
2089,120,20,671
2333,120,18,557
3780,210,18,1002
3494,60,8,720
2517,60,18,550
544,120,14,712
960,60,10,610
1911,75,20,266
4980,160,10,791
2961,40,14,512
2206,60,10,512
4462,75,20,392
2080,120,14,887
5262,60,20,353
1709,40,14,409
3067,210,20,881
2557,160,18,784
5782,60,8,454
5936,120,10,990
4884,120,6,735
3077,60,18,764
3387,160,20,536
4266,75,18,536
1515,160,8,1001
4537,120,18,696
534,75,20,789
769,120,10,965
1729,60,18,383
5450,160,18,430
4348,120,6,690
2771,120,10,1378
406,40,20,646
2173,210,6,1104
4431,210,20,838
2016,40,8,480
4138,40,14,360
370,120,14,702
6093,60,14,465
456,60,14,760
1401,160,6,1022
371,120,14,714
1050,40,10,514
1334,40,10,474
826,120,20,775
6098,60,14,463
6130,210,20,831
3814,160,10,656
1117,210,14,815
4304,60,18,495
3024,75,10,799
1492,210,8,885
392,210,10,991
123,160,18,661
1398,40,14,470
2377,210,20,836
1153,160,14,784
3398,120,20,556
2211,60,10,537
3267,60,6,564
309,40,18,409
6041,75,8,566
2447,75,18,559
811,160,14,1169
5738,40,18,247
379,40,8,640
2166,210,6,1264
2942,210,10,979
2780,120,10,895
4041,210,8,1232
1608,60,10,593
5730,40,18,395
4675,75,18,601
4285,60,20,646
1282,40,8,560
1129,75,14,624
2601,75,6,693
4817,210,14,769
1230,75,6,577
4043,210,8,1138
5625,60,14,398
2195,160,6,847
4606,60,6,984
2608,60,20,465
4509,160,20,666
2736,210,8,880
3,210,8,1128
2611,60,20,466
5826,210,8,1201
2793,60,14,575
3450,40,14,913
4209,75,18,488
4831,75,6,559
1704,160,18,672
2989,120,20,736
1454,120,20,707
5030,160,20,729
1323,60,8,583
5463,120,14,424
2628,75,8,608
5188,40,8,392
4399,40,8,496
356,210,10,800
3081,60,18,720
2227,75,10,677
2097,75,6,800
1638,40,6,689
505,40,18,512
3068,210,20,928
4640,120,18,782
1755,40,18,280
2188,40,18,369
1409,160,6,816
91,60,18,424
5898,120,20,648
3198,60,10,505
5991,160,8,952
3349,210,18,711
1379,160,10,712
4207,75,18,552
2770,75,8,836
1485,75,18,513
4025,120,20,464
2962,40,14,513
69,60,14,545
2303,60,8,578
1013,160,6,856
4254,60,8,554
5080,60,10,450
5793,210,8,667
2343,60,14,497
4218,210,18,647
760,40,8,574
709,40,10,691
2058,60,6,1007
607,160,18,814
846,160,8,1271
3073,210,20,835
5216,40,6,559
1598,210,8,690
139,75,8,727
4226,210,18,688
5156,60,18,350
3907,60,8,635
1846,160,6,616
687,120,18,843
2782,210,14,978
3634,120,18,865
419,75,8,856
4321,120,14,680
2156,40,14,456
4851,160,8,737
205,210,6,1056
3306,40,20,400
277,210,18,759
1860,60,8,481
3895,60,20,490
5197,40,8,512
1781,160,8,580
5429,75,10,513
5111,210,6,931
2581,120,8,1048
3388,120,20,609
2564,210,8,1129
3542,120,6,1015
4023,120,20,469
563,120,8,857
13,75,14,910
2804,40,6,678
4169,120,6,744
5865,40,20,466
4212,75,18,416
2380,160,8,810
409,40,20,632
4193,60,10,494
3965,120,10,944
1167,75,14,746
5474,60,6,554
2301,60,8,547
6038,120,6,888
5871,40,20,489
1416,210,18,824
4177,120,6,710
1660,75,14,624
5823,210,8,1184
78,120,6,1289
3300,160,8,853
3924,160,6,936
1465,120,14,724
2057,60,6,1082
4372,75,6,720
2222,75,10,821
564,120,8,1015
2920,160,18,770
860,160,10,1000
2893,160,8,965
4715,40,18,447
1135,40,20,486
869,210,18,990
1382,160,10,768
4816,210,14,821
2862,160,10,1202
5112,210,6,1031
4840,160,8,1213
2411,120,20,758
518,210,20,757
3262,210,6,1120
756,40,8,720
567,120,8,1049
3960,40,10,647
3438,75,8,528
502,160,8,863
4118,120,14,571
2638,160,20,722
2700,60,6,713
3502,60,10,1016
3182,210,20,963
6048,75,8,703
2726,160,14,782
2725,160,14,810
3555,210,10,1172
293,60,10,858
3644,75,8,1111
4653,210,8,833
1386,160,10,753
5750,40,8,363
636,210,6,1094
1402,160,6,1129
3092,75,18,767
3501,60,10,936
3123,120,10,840
3176,40,10,521
873,210,18,1239
4024,120,20,634
1506,75,20,478
4163,160,8,808
5256,60,6,741
5025,75,8,593
3810,160,10,648
3116,120,14,759
3120,120,10,1262
4255,60,8,948
2873,120,14,848
2124,120,6,1154
3327,210,8,1657
3204,60,18,529
2445,75,18,609
1522,120,10,667
4460,75,20,403
3690,60,18,592
5685,120,10,719
5048,120,10,641
3704,120,20,661
2463,210,18,832
4231,40,18,296
2091,75,6,771
4861,60,6,658
579,75,6,801
2588,40,6,615
594,160,10,1032
5637,120,18,506
956,60,8,769
3499,60,10,1006
609,160,18,952
2682,75,20,494
5915,40,8,959
595,160,10,797
4842,160,8,1019
1081,210,20,816
4936,60,20,424
5616,160,6,705
4996,40,6,645
2316,120,8,785
2841,120,18,713
5049,120,10,773
4265,75,18,536
3942,75,6,702
1719,40,8,488
4720,40,10,606
3350,210,18,713
1862,120,6,838
5884,160,18,826
5768,40,6,358
2155,40,14,456
2894,60,20,560
2381,160,8,961
4343,120,6,1152
2329,120,18,511
477,120,20,760
2526,160,6,944
5475,60,6,489
357,210,10,800
1978,160,10,880
252,40,20,417
5019,75,8,704
272,210,18,702
2592,40,6,553
5305,210,14,624
1810,210,6,1014
5116,210,6,1016
2825,40,8,735
2130,120,10,593
1059,75,18,641
1003,210,6,1106
5031,160,20,568
3286,120,8,846
346,120,10,984
5361,210,18,560
4630,60,10,639
4035,60,6,704
2689,75,10,720
3576,40,6,845
2079,120,14,630
2898,60,20,656
382,40,8,855
3121,120,10,989
1901,75,10,480
5260,60,20,336
5808,120,14,1136
4335,120,10,737
2619,40,20,399
3277,120,8,668
1326,60,8,623
5674,210,6,880
2027,160,14,795
861,160,10,976
5692,120,10,476
5375,75,18,415
3929,160,6,914
5957,160,20,737
3647,75,8,969
2551,120,14,769
3758,75,10,794
921,40,6,496
3160,40,18,589
3430,160,10,986
4150,120,8,888
5265,60,20,394
5316,120,14,582
2724,160,14,976
5218,40,6,526
165,40,14,472
5477,60,6,457
6026,60,6,809
5767,40,6,440
3272,60,6,759
6086,60,10,523
4300,60,18,561
1630,75,8,473
342,120,20,794
4921,210,6,968
5866,40,20,424
190,160,8,1091
5289,75,14,466
6062,75,20,466
2272,210,18,809
5551,120,8,643
1109,210,10,894
3256,210,6,920
4872,160,18,791
2654,120,6,769
5462,120,14,546
1640,40,6,614
4737,120,10,720
1378,160,10,816
2139,120,10,649
1042,75,8,857
2086,120,20,665
3677,75,14,725
3536,210,8,1538
5507,210,20,652
1203,60,6,530
4690,60,8,743
4633,60,10,742
5877,75,10,715
1259,210,14,1079
5473,60,6,534
5084,60,10,471
2727,160,14,825
426,60,10,560
2103,210,10,1120
5840,40,6,703
2341,60,14,703
2141,60,20,414
2182,40,18,297
343,120,20,598
2652,120,6,679
3870,160,20,624
4339,120,6,1319
2878,120,8,899
2239,40,10,473
718,75,10,987
5570,75,6,718
5074,60,14,410
780,120,18,711
3145,75,20,690
4187,60,10,511
2223,75,10,698
5672,210,6,775
3947,160,10,713
2889,160,8,816
4782,75,14,653
1740,75,6,658
3245,40,6,784
1159,40,6,695
5574,75,6,613
1397,40,14,596
4047,210,8,704
1707,40,14,504
5694,120,10,480
222,160,14,760
5961,160,20,1122
1629,75,8,474
3615,40,10,652
4760,120,20,640
5622,60,14,373
101,75,6,727
1807,210,6,632
842,60,20,738
1967,75,14,735
4862,60,6,567
714,75,10,1304
5676,160,20,558
4322,120,14,656
5243,160,8,730
3097,75,18,678
2896,60,20,529
237,60,20,406
2849,60,6,611
2506,40,14,567
5585,160,14,520
3170,75,6,672
5636,120,18,470
24,160,10,880
5626,60,14,354
414,75,8,697
5041,120,10,729
4223,210,18,743
4641,120,18,674
5163,60,18,458
2205,60,10,519
1592,120,20,536
2255,210,8,1377
5713,210,18,544
2410,120,20,714
641,210,6,1055
1908,75,20,278
3106,75,18,325
2788,210,14,882
1010,210,6,896
1751,40,18,329
5276,120,8,1368
3354,60,20,448
5743,40,8,394
1149,160,14,895
4897,40,14,400
4103,60,18,334
4262,75,18,642
2964,40,14,528
2932,40,18,478
5597,40,14,384
3580,60,20,519
1898,75,10,514
4114,40,20,369
2663,40,18,460
4510,160,20,832
1060,75,18,582
4728,40,10,633
1392,40,14,494
2698,75,10,718
4603,75,14,520
1678,160,10,688
5368,75,18,392
4165,160,8,663
3974,120,10,732
2434,210,10,894
4119,120,14,718
2396,40,8,573
1580,75,18,613
1900,75,10,410
4564,160,18,674
3361,60,20,368
2764,75,8,850
4327,120,14,606
937,75,20,560
3723,120,8,1024
4981,160,10,633
3294,160,8,870
1601,210,8,752
1777,160,8,728
168,40,14,422
3820,120,10,567
3261,210,6,1279
2720,160,14,882
4945,40,20,399
6054,210,6,1184
6051,210,6,1022
4631,60,10,791
896,40,14,480
1053,40,10,649
4850,160,8,978
4083,210,20,664
775,120,18,935
5205,160,14,687
6118,210,18,689
5039,160,20,704
5458,210,14,629
3742,160,20,768
3982,210,14,1023
3546,120,6,1059
4953,160,14,704
3587,60,20,623
2164,210,6,1241
3636,120,18,820
589,120,6,1168
3961,40,10,681
1406,160,6,983
2902,60,20,703
4586,40,6,512
881,120,8,1137
5654,75,18,409
2203,60,10,432
292,60,10,583
2382,160,8,800
4978,210,20,887
2990,120,20,673
681,40,8,1297
4127,75,20,385
4682,60,18,581
475,120,20,689
676,40,8,1206
2004,160,20,697
4040,60,6,562
132,120,18,599
3091,75,18,630
3819,120,10,672
1706,40,14,616
4655,210,8,792
822,75,6,1026
3246,40,6,757
3293,160,8,639
1329,40,10,449
3088,75,18,554
1279,75,10,751
1511,160,8,1320
5820,210,8,1033
2744,160,6,1056
3756,160,14,1071
1560,120,10,672
2241,75,18,847
4228,40,18,399
1407,160,6,936
58,120,8,1046
482,120,20,787
4196,120,18,528
4616,60,6,778
4738,120,10,727
4554,75,10,622
4413,120,20,577
3914,160,18,640
1413,210,18,781
3100,75,18,424
6025,60,6,898
6113,210,18,1066
3500,60,10,1002
573,75,6,927
4441,60,10,489
6074,75,18,727
3997,40,8,535
4071,60,14,506
390,40,8,552
4154,120,8,703
1955,60,18,421
4238,40,6,577
3565,40,8,735
2554,160,18,823
2833,120,18,736
3435,75,8,559
2371,210,20,843
4696,60,8,582
6060,75,20,497
5503,210,20,696
431,60,10,1063
2907,60,10,655
4051,210,8,1016
117,160,18,744
1699,160,18,609
1509,160,8,896
1831,40,20,233
890,120,6,975
5269,120,8,609
1116,210,14,970
1405,160,6,1432
3394,120,20,527
961,60,10,635
291,60,10,551
2185,40,18,306
4563,75,10,624
4481,120,8,707
2461,210,18,827
1591,120,20,665
27,160,10,1119
4342,120,6,1025
520,210,20,862
270,210,18,903
1628,75,8,814
3621,60,6,966
3410,160,18,817
2323,120,18,463
5408,120,18,489
2189,40,18,401
201,75,10,712
1962,75,14,632
4105,40,20,396
6159,160,10,807
2054,60,6,1376
2440,210,10,866
3904,60,8,512
5485,75,8,528
4260,75,18,504
2120,120,6,1129
2261,210,8,993
290,40,10,496
5470,120,14,520
3395,120,20,418
4357,210,14,951
489,75,18,647
5571,75,6,610
914,40,20,455
4456,160,6,986
3687,40,20,491
888,120,6,1114
3282,120,8,902
4657,210,8,953
4923,210,6,1002
2314,120,8,788
3862,210,10,968
2281,40,6,582
2595,75,6,897
521,210,20,863
397,210,10,1171
6050,210,6,1199
4915,75,10,599
3510,160,8,1009
4368,75,6,1002
5409,120,18,497
5818,40,14,512
2607,60,20,544
553,160,6,1369
3328,210,8,1256
4807,210,18,867
4175,120,6,863
111,160,20,690
6092,60,14,504
5784,60,8,536
1964,75,14,706
1147,160,14,1416
1192,60,20,511
3516,160,8,1035
4145,40,14,423
5994,160,8,1280
3001,120,6,1522
1918,210,20,1624
5600,40,14,349
3107,120,14,560
4465,75,20,408
474,120,20,930
5428,75,10,473
2746,160,6,1106
1324,60,8,608
2012,40,8,488
2685,75,20,472
2988,120,20,751
2928,40,18,480
1461,120,14,605
2077,120,14,1192
2847,60,6,755
1973,160,10,713
4920,210,6,917
4704,120,8,841
623,60,6,1280
713,40,10,840
4400,40,8,560
2137,120,10,584
3908,60,8,655
3471,120,6,857
302,40,18,358
4268,40,18,581
3109,120,14,758
3151,75,20,382
3086,60,18,496
552,120,14,704
1302,120,18,677
4020,120,20,512
1949,60,18,814
1614,60,10,670
4484,120,8,833
1494,210,8,1040
3402,160,18,882
2144,60,20,398
1246,160,20,657
2000,160,20,921
1171,75,14,538
175,40,6,672
77,120,6,1296
249,40,20,409
5309,210,14,887
4021,120,20,504
3514,160,8,903
4837,75,6,627
5093,160,10,673
1034,75,8,967
5850,40,6,607
2991,120,20,849
943,75,10,695
3460,75,14,602
404,40,20,727
4528,75,8,609
4076,210,20,592
3156,40,18,728
2055,60,6,729
3935,75,6,760
2317,120,8,799
3977,210,14,738
3292,160,8,840
2462,210,18,887
1654,210,14,802
4410,120,20,603
3688,60,18,834
283,40,10,545
738,60,20,562
2984,120,20,687
1207,60,18,552
3934,75,6,561
5835,75,14,727
5212,40,6,442
4588,40,6,449
3926,160,6,929
4826,75,20,560
2823,40,8,544
1078,210,20,958
3098,75,18,634
6076,75,18,512
1988,160,8,1384
1881,160,14,519
3027,40,20,435
2311,120,8,1062
4525,75,8,616
5132,210,10,727
436,40,6,829
330,75,18,511
5359,210,18,782
1267,210,14,818
5989,160,8,1041
3827,120,10,1046
5298,210,20,736
711,40,10,792
2965,60,8,623
2102,210,10,897
4208,75,18,392
5880,75,10,952
4619,40,10,396
4726,40,10,602
4913,75,10,600
4551,160,10,994
5095,60,8,744
2160,40,14,402
685,120,18,864
1839,160,6,598
4579,210,8,920
2354,75,8,659
5091,160,10,953
2854,160,10,1089
615,210,18,966
3845,160,18,724
4931,60,20,416
2225,75,10,560
3474,120,6,1153
3896,60,20,478
559,160,6,898
4034,60,6,610
2505,40,14,447
2733,210,8,1023
4689,60,18,544
2968,60,8,542
5089,160,10,743
3187,210,20,686
5330,40,14,344
4669,160,6,830
3310,40,20,359
4910,75,10,617
4387,210,10,809
3275,60,6,646
235,60,20,505
248,40,20,383
5874,75,10,933
4797,40,8,592
3887,210,6,1008
2109,210,10,801
4195,120,18,616
1031,160,20,589
4983,160,10,650
2580,120,8,1008
1528,120,10,646
2824,40,8,576
3362,60,20,335
4508,160,20,606
621,210,18,921
2394,40,8,528
5321,120,14,472
5013,120,6,686
2676,210,6,930
6009,120,18,815
766,120,10,1112
147,75,8,1007
4101,60,18,415
4795,40,8,575
5547,120,8,762
1001,210,6,1001
1942,40,20,359
1145,160,14,765
4935,60,20,432
830,120,20,816
556,160,6,1598
410,40,20,626
4442,60,10,499
1866,120,6,745
3618,40,10,639
537,75,20,609
4756,75,8,593
3149,75,20,417
4789,75,14,658
663,160,20,1010
639,210,6,1463
4128,75,20,570
4629,60,10,768
2101,75,6,569
4390,210,10,759
4819,210,14,712
5377,40,20,422
4173,120,6,857
707,40,10,690
1968,75,14,553
3094,75,18,528
5459,210,14,586
458,60,14,712
1821,120,8,494
2508,40,14,472
4792,40,8,724
2867,120,14,784
463,120,10,888
1512,160,8,841
5342,120,20,425
5241,160,8,857
631,60,6,824
1118,210,14,768
4942,40,20,430
1661,75,14,496
5909,210,14,914
1039,75,8,743
5248,60,6,637
2308,120,8,755
2625,75,8,648
807,160,14,1191
5067,60,14,464
6158,60,20,424
430,60,10,1049
1884,160,14,579
4841,160,8,736
1907,75,20,315
1775,160,8,695
541,75,20,570
5152,210,8,705
2621,40,20,379
717,75,10,1214
3925,160,6,886
2708,60,6,803
5252,60,6,609
485,75,18,791
3301,40,20,455
1468,120,6,747
4245,40,6,639
4516,210,6,1167
3041,160,20,640
3864,210,10,766
3076,210,20,768
4125,75,20,384
4785,75,14,688
4925,210,6,1031
2711,60,8,814
3685,40,20,845
984,210,8,887
5741,40,8,338
51,75,20,702
2500,60,10,678
479,120,20,763
3217,160,6,760
3016,75,10,674
3183,210,20,913
877,120,8,996
3405,160,18,577
3441,75,8,593
5944,120,10,752
3417,120,18,518
2556,160,18,893
3304,40,20,296
3408,160,18,544
4801,210,18,759
2507,40,14,475
1177,40,18,508
4507,160,20,664
3099,75,18,464
2994,120,6,992
5762,75,14,408
1721,40,8,457
3790,75,18,550
4433,210,20,710
3321,210,14,1221
1260,210,14,1016
5980,40,18,498
1084,210,20,970
5338,120,20,568
94,60,18,458
441,40,6,1005
2460,60,14,530
1341,160,18,792
2435,210,10,831
5671,210,6,893
3890,60,20,736
1941,40,20,377
4253,60,8,688
3079,60,18,782
4976,210,20,626
4059,75,10,752
1814,120,8,536
1534,60,20,360
1139,40,20,434
5296,210,20,629
3761,75,10,522
5691,120,10,578
4500,160,8,665
5154,210,8,919
5285,75,14,450
3096,75,18,562
74,60,14,600
5644,60,20,355
5665,210,6,698
1620,160,20,654
5066,60,14,426
3466,120,6,856
5266,60,20,447
2704,60,6,678
648,40,14,623
2436,210,10,973
81,120,6,1048
1412,210,18,758
3003,120,6,915
4758,75,8,729
99,75,6,805
3083,60,18,627
3640,75,8,835
5530,60,18,409
2025,160,14,1114
5006,120,6,1023
6107,40,10,521
5973,75,6,1318
4472,40,14,350
4230,40,18,346
1480,75,18,536
1442,60,10,512
5683,160,20,568
1677,160,10,655
4097,60,18,480
1613,60,10,520
3118,120,14,855
2391,40,8,590
4014,75,14,518
4490,120,8,1034
2028,160,14,746
5319,120,14,423
5005,120,6,809
3838,160,18,962
5798,120,14,620
977,60,6,778
3764,75,10,598
1166,75,14,670
2247,75,18,502
5861,160,6,1103
5219,40,6,450
794,40,18,786
1458,120,14,592
936,75,20,616
1283,40,8,705
3966,120,10,1385
3013,210,6,1498
2937,210,10,875
2779,120,10,1301
2446,75,18,584
1483,75,18,538
4766,120,20,624
4028,120,20,546
3190,210,20,727
4139,40,14,438
5737,40,18,247
1676,160,10,642
5032,160,20,719
5598,40,14,400
4182,60,10,504
4074,60,14,479
1294,120,18,742
5837,75,14,777
1297,120,18,730
2513,60,18,440
3319,210,14,730
1006,210,6,1171
1538,60,20,384
3279,120,8,633
959,60,10,742
3257,210,6,904
4454,160,6,1048
2022,160,14,800
724,210,8,1287
1141,40,20,522
4296,160,14,1056
1274,75,10,583
5902,120,20,632
14,75,14,754
856,160,10,912
4330,120,10,588
2051,210,14,832
3219,160,6,708
3172,40,10,491
1356,60,14,535
5781,60,8,545
4668,160,6,1063
2944,210,10,709
5367,75,18,336
4164,160,8,761
329,75,18,520
3804,40,14,433
3857,210,14,935
1411,160,6,902
5900,120,20,665
3697,60,18,575
734,60,20,688
3284,120,8,840
2536,120,18,946
5272,120,8,609
3994,40,8,519
2743,160,6,1113
105,75,6,786
2768,75,8,833
1951,60,18,513
6014,120,18,591
1950,60,18,657
1818,120,8,553
5885,160,18,1184
5833,75,14,824
1304,210,20,893
1649,210,14,675
5949,210,10,1032
5339,120,20,961
701,60,18,704
1817,120,8,615
5667,210,6,726
4293,160,14,931
5233,75,20,427
952,60,8,632
5965,160,20,1112
1648,210,14,805
565,120,8,1112
3144,75,20,667
2972,60,8,914
3520,210,20,990
2441,75,18,624
6011,120,18,767
602,160,10,941
6091,60,14,521
5092,160,10,856
4993,40,6,616
6016,120,18,656
4037,60,6,590
5528,60,18,400
4764,120,20,607
3721,120,8,1004
4010,75,14,562
3786,210,18,854
5312,120,14,506
3683,40,20,645
5860,160,6,1392
1201,60,6,720
4988,160,10,761
1861,60,8,530
5057,160,6,889
4418,40,20,324
4121,120,14,497
3212,60,18,653
2233,40,10,368
1359,60,14,519
1434,210,10,910
6029,120,6,800
1162,40,6,738
5158,60,18,433
3878,160,20,574
5310,210,14,726
1813,120,8,592
5614,160,6,717
3699,120,20,888
2466,210,18,744
4151,120,8,776
5744,40,8,368
5440,60,10,472
3840,160,18,612
5832,75,14,544
1482,75,18,519
995,60,18,468
3524,210,20,840
1624,160,20,534
2335,60,14,578
1927,75,20,431
1642,40,6,440
2041,160,18,633
3164,75,6,835
5133,160,18,590
1174,75,14,654
2331,120,18,577
5822,210,8,1090
100,75,6,771
2630,75,8,625
4948,40,20,431
3457,75,14,449
4790,40,8,648
950,60,8,777
1068,160,18,852
380,40,8,631
5895,120,20,800
5999,120,8,1369
445,60,8,798
2151,60,20,415
2475,40,10,512
4663,160,6,961
2848,60,6,735
2537,120,18,750
3175,40,10,345
1277,75,10,656
2615,40,20,434
5831,75,14,600
987,210,8,928
5867,40,20,486
2430,210,10,1048
3900,60,20,440
1027,160,20,768
3540,120,6,1082
288,40,10,544
1089,120,14,708
28,160,10,882
4299,60,18,535
3070,210,20,707
4878,120,6,816
4338,120,6,695
813,160,14,891
160,40,14,425
2326,120,18,534
1176,40,18,436
2531,160,6,945
5373,75,18,360
1058,75,18,574
3543,120,6,1617
265,210,14,1209
1266,210,14,814
1924,210,20,737
2146,60,20,391
5677,160,20,501
6164,160,10,965
3393,120,20,576
2887,160,8,1059
3448,40,14,730
3731,60,14,528
2364,210,14,890
1518,160,8,769
1635,40,6,503
36,210,20,888
1926,210,20,735
4038,60,6,760
5094,160,10,711
4829,75,20,471
5578,210,10,688
655,210,14,1329
3645,75,8,1207
5731,40,18,302
3656,40,18,950
1325,60,8,753
4609,60,6,650
868,210,18,991
1318,60,8,584
1124,75,14,682
2977,75,6,1042
4707,120,8,728
322,60,8,719
5096,60,8,754
5286,75,14,432
597,160,10,1057
5422,75,10,627
5407,120,18,535
3725,120,8,1034
550,120,14,897
5586,160,14,456
1368,210,6,904
4730,120,10,774
2210,60,10,418
6034,120,6,1000
4591,40,6,437
3693,60,18,670
2950,40,10,787
3368,60,14,584
2388,160,8,968
4222,210,18,624
5951,210,10,1352
4590,40,6,470
2679,75,20,409
4636,60,10,729
209,210,6,824
2857,160,10,894
533,75,20,705
3749,160,14,821
2501,60,10,675
1844,160,6,633
3711,160,6,1081
3374,60,14,495
3603,75,6,915
3000,120,6,1201
5956,210,10,865
4392,210,10,929
1806,210,6,826
131,120,18,585
2070,120,14,736
2232,40,10,466
848,160,8,897
2809,40,6,784
3945,160,10,785
3737,60,14,565
4561,75,10,594
191,160,8,1208
3412,120,18,467
3720,120,8,884
4966,210,10,904
4665,160,6,890
974,60,6,647
5662,210,6,928
4985,160,10,760
4081,210,20,896
2228,40,10,368
5721,120,6,725
1833,40,20,263
3487,60,8,767
5288,75,14,487
608,160,18,1019
335,120,20,886
6075,75,18,512
5217,40,6,432
1543,210,18,648
4256,60,8,587
5017,75,8,632
1523,120,10,678
4070,60,14,423
5733,40,18,266
3355,60,20,486
605,160,18,617
5465,120,14,484
299,60,10,586
376,120,14,1017
55,120,8,822
722,75,10,1041
2808,40,6,576
4867,160,18,626
5246,60,6,449
4849,160,8,774
323,60,8,967
850,160,8,1000
1887,210,10,738
207,210,6,982
900,40,14,522
6149,60,20,578
4989,160,10,618
5364,210,18,601
5803,120,14,736
4870,160,18,697
3581,60,20,504
3811,160,10,744
3192,210,20,656
1990,160,8,1401
5166,60,18,387
1864,120,6,672
4292,160,14,1013
1653,210,14,625
3771,75,20,731
522,210,20,722
893,120,6,1183
1248,75,8,824
697,60,18,720
1131,40,20,602
1012,160,6,886
4216,210,18,721
1825,40,20,264
3136,40,8,449
4048,210,8,728
6049,210,6,1360
778,120,18,790
5183,75,10,448
3447,40,14,493
374,120,14,558
4791,40,8,752
786,60,14,606
275,210,18,809
667,160,20,952
3240,40,6,526
1375,210,6,881
5998,160,8,983
4358,210,14,769
5326,40,14,391
3433,75,8,543
4089,75,8,534
2776,120,10,1059
4483,120,8,723
4916,75,10,561
1557,120,10,640
453,60,14,725
4960,210,10,1078
1540,60,20,417
3363,60,14,999
5418,160,10,704
2465,210,18,734
574,75,6,918
1395,40,14,473
4701,120,8,704
348,120,10,641
4042,210,8,878
2940,210,10,818
6039,75,8,1121
3458,75,14,812
455,60,14,751
3330,210,8,1009
5449,160,18,576
2468,210,18,951
3089,75,18,649
649,40,14,568
1447,120,20,657
5700,40,20,250
2616,40,20,422
4593,40,6,713
1606,60,10,662
3032,40,20,467
668,160,20,1072
5247,60,6,778
4170,120,6,641
3185,210,20,785
4522,210,6,1209
5461,210,14,617
4518,210,6,901
359,210,10,1099
2796,60,14,675
5214,40,6,554
2712,60,8,533
2498,60,10,741
4946,40,20,396
5079,60,10,605
3369,60,14,470
1338,40,10,481
5941,120,10,1080
1842,160,6,655
5213,40,6,453
3462,75,14,594
3270,60,6,545
1104,210,10,909
3590,60,8,894
3043,160,20,799
316,60,8,726
6163,160,10,952
4140,40,14,379
4404,40,8,552
2455,60,14,517
400,210,10,1120
3984,210,14,761
1342,160,18,697
385,40,8,472
2369,210,20,892
509,40,18,530
1894,210,10,614
4448,160,6,969
2864,120,14,659
857,160,10,1024
3493,60,8,1079
1578,75,18,445
4308,60,14,641
368,120,14,679
2432,210,10,875
3643,75,8,863
5200,160,14,647
4700,120,8,880
18,75,14,824
3839,160,18,810
3843,160,18,800
164,40,14,416
5811,40,14,554
2260,210,8,871
5492,75,8,437
2387,160,8,847
372,120,14,776
1732,60,18,417
5227,75,20,567
1739,75,6,550
2286,40,6,616
324,60,8,770
1555,120,10,615
5313,120,14,568
4961,210,10,772
799,40,18,610
2037,160,18,757
700,60,18,609
5623,60,14,369
3429,160,10,1384
465,120,10,802
1370,210,6,777
3127,120,10,1058
4067,60,14,456
3148,75,20,471
3104,75,18,527
8,210,8,1024
4539,120,18,520
2722,160,14,799
1038,75,8,728
4064,75,10,623
742,60,20,526
2116,210,10,871
5028,75,8,657
423,60,10,721
973,60,6,849
5735,40,18,248
4087,75,8,542
120,160,18,792
2734,210,8,1044
4271,40,18,541
6141,60,18,458
3821,120,10,826
4702,120,8,782
5414,160,10,912
3419,120,18,624
4565,160,18,574
150,60,6,663
4492,160,8,933
3022,75,10,836
4697,60,8,601
5427,75,10,552
3009,210,6,1043
696,60,18,624
3808,160,10,912
1681,160,10,625
5655,75,18,400
989,60,18,479
4857,60,6,598
3019,75,10,527
2062,60,6,758
5137,160,18,490
4708,120,8,777
1715,40,14,440
488,75,18,764
3055,75,20,720
710,40,10,750
694,60,18,579
3265,60,6,720
5034,160,20,686
3938,75,6,807
3872,160,20,638
1244,160,20,754
2888,160,8,1039
4194,60,10,464
367,120,14,640
3604,75,6,943
540,75,20,710
4109,40,20,416
4804,210,18,785
4259,75,18,487
2408,160,10,761
5257,60,6,630
3616,40,10,565
4302,60,18,568
4004,160,14,840
916,40,20,627
1028,160,20,625
2587,40,6,666
5647,60,20,304
6005,120,8,951
731,210,8,1209
6142,60,18,479
142,75,8,647
1532,60,20,423
1834,160,6,618
4719,40,18,449
4316,60,14,603
5336,120,20,489
2153,40,14,424
3648,75,8,895
3815,160,10,925
5223,75,20,562
2454,60,14,624
5082,60,10,415
4566,160,18,890
2220,75,10,720
4136,40,14,382
2061,60,6,493
5872,75,10,930
187,160,8,928
3283,120,8,792
2165,210,6,1258
5434,60,10,526
4798,40,8,664
1617,160,20,664
1933,75,20,664
4975,210,20,607
2560,160,18,771
476,120,20,967
1943,40,20,366
2714,60,8,821
259,210,14,846
1415,210,18,763
3631,120,18,924
5162,60,18,391
1364,210,6,1137
3178,40,10,554
3202,60,10,806
271,210,18,817
2871,120,14,542
3813,160,10,729
471,120,10,1007
393,210,10,1392
1822,120,8,520
4331,120,10,607
350,120,10,808
95,60,18,375
4084,210,20,614
3189,210,20,952
4632,60,10,770
5855,160,6,2214
6101,40,10,493
4009,75,14,486
483,75,18,917
6145,60,18,535
1476,120,6,743
2066,60,6,770
220,160,14,790
2881,120,8,782
5536,40,10,367
3431,75,8,760
4422,40,20,322
2903,60,20,804
1035,75,8,566
3946,160,10,639
5122,210,10,696
2334,60,14,798
2262,210,8,696
2087,120,20,662
5814,40,14,488
2941,210,10,1074
3342,75,10,600
3801,40,14,442
504,40,18,490
4046,210,8,800
4376,210,18,727
3209,60,18,458
1723,40,8,481
4049,210,8,896
1993,160,8,1105
733,210,8,1457
1956,60,18,419
5128,210,10,627
215,210,6,837
4,210,8,865
5897,120,20,624
919,40,6,719
1714,40,14,419
2640,160,20,743
5033,160,20,617
4044,210,8,840
228,60,20,480
5914,40,8,552
129,120,18,729
1126,75,14,769
2978,75,6,831
308,40,18,368
575,75,6,931
749,160,14,910
6106,40,10,911
753,160,14,797
88,60,18,569
4341,120,6,839
825,120,20,1015
4853,60,6,621
703,60,18,583
1025,160,20,704
1607,60,10,602
526,75,14,703
2404,160,10,841
5719,120,6,552
1320,60,8,618
1486,75,18,615
1210,60,18,486
4572,160,18,807
344,120,20,720
242,160,6,934
2367,210,14,958
1717,40,8,463
5405,120,18,487
1655,210,14,1093
3917,160,18,600
3937,75,6,504
35,210,20,848
2914,160,18,682
747,160,14,753
2926,40,18,526
3766,75,10,775
1226,120,8,664
457,60,14,729
2081,120,20,722
2980,75,6,688
2107,210,10,1784
831,120,20,727
1996,160,8,992
4108,40,20,391
5332,120,20,575
4391,210,10,704
2297,60,8,753
3641,75,8,666
5148,210,8,776
652,40,14,844
2577,120,8,944
1242,160,20,786
3824,120,10,797
2090,120,20,569
5651,75,18,352
153,60,6,727
3854,210,14,1007
3632,120,18,1232
4143,40,14,420
3221,160,6,1216
500,160,8,1032
2383,160,8,926
5382,40,20,360
417,75,8,1002
3525,210,20,756
5108,210,6,961
3336,75,10,767
287,40,10,568
5426,75,10,665
4171,120,6,806
2967,60,8,575
511,40,18,729
1759,40,18,232
3740,160,20,767
837,60,20,543
5003,120,6,929
5516,120,20,440
5292,210,20,655
647,40,14,650
935,75,20,551
3103,75,18,410
2112,210,10,1127
203,75,10,544
5506,210,20,634
781,120,18,778
4502,160,20,521
1712,40,14,480
418,75,8,934
5763,40,6,477
2267,210,18,906
5399,120,18,633
167,40,14,408
154,60,6,800
231,60,20,522
5221,40,6,482
4997,40,6,521
1097,120,14,744
2216,60,10,422
2491,60,10,701
3308,40,20,410
450,60,8,823
1243,160,20,801
843,60,20,654
934,75,20,616
2123,120,6,943
5290,210,20,737
2830,40,8,625
773,120,10,910
1387,40,14,537
3791,75,18,483
486,75,18,820
5502,75,20,441
4847,160,8,866
4311,60,14,497
6042,75,8,762
3113,120,14,705
341,120,20,806
2346,60,14,448
29,160,10,983
5963,160,20,983
6110,210,18,911
5472,60,6,480
4012,75,14,552
3455,75,14,504
1098,120,14,656
6105,40,10,728
1720,40,8,455
4601,75,14,574
6122,160,14,760
4740,120,14,784
5839,40,6,808
4379,210,18,680
2060,60,6,729
1840,160,6,723
2946,40,10,861
5193,40,8,470
1632,75,8,696
955,60,8,646
827,120,20,776
2108,210,10,1015
1474,120,6,663
5778,60,8,501
5560,160,8,688
403,40,20,681
3031,40,20,466
616,210,18,803
5815,40,14,646
4672,75,18,582
1816,120,8,579
4620,40,10,475
1410,160,6,1001
600,160,10,904
3674,75,14,705
746,160,14,881
2198,160,6,953
581,75,6,792
1093,120,14,608
2494,60,10,657
1200,60,6,665
4645,120,18,655
6,210,8,1054
4552,160,10,887
1443,60,10,520
1489,210,8,1231
6019,60,6,592
1975,160,10,838
854,160,8,1049
3171,75,6,793
5384,40,20,311
882,120,8,861
4794,40,8,610
4229,40,18,287
3337,75,10,769
2053,210,14,1048
2591,40,6,618
67,60,14,592
5104,60,8,430
4248,60,8,948
4732,120,10,848
3488,60,8,696
1684,160,10,694
4370,75,6,1017
354,120,10,761
2974,75,6,867
2901,60,20,673
4310,60,14,487
4471,40,14,368
2758,160,14,705
4426,210,20,793
5270,120,8,581
5293,210,20,602
5581,210,10,740
6128,160,14,760
4137,40,14,401
4485,120,8,751
5308,210,14,904
948,60,8,783
5075,60,10,576
286,40,10,480
97,75,6,574
1959,75,14,936
250,40,20,526
1399,160,6,1144
5328,40,14,400
3035,40,20,530
3179,40,10,733
5073,60,14,525
1820,120,8,527
2637,160,20,742
2767,75,8,770
4886,120,6,752
1179,40,18,477
5711,210,18,546
5184,75,10,439
33,160,10,989
425,60,10,1047
5202,160,14,657
2115,210,10,785
745,160,14,842
1597,210,8,1030
2553,160,18,798
5960,160,20,765
1701,160,18,533
4823,75,20,504
5846,40,6,714
3550,210,10,1120
4860,60,6,646
3578,40,6,727
4710,40,18,503
3480,210,10,1032
2194,160,6,928
4497,160,8,799
4420,40,20,351
4943,40,20,419
4520,210,6,977
4666,160,6,899
437,40,6,773
2632,75,8,830
1469,120,6,831
4168,160,8,686
4748,120,14,743
983,210,8,952
6115,210,18,814
1673,210,20,639
3963,40,10,453
3366,60,14,777
5903,210,14,823
6099,60,14,496
1216,120,8,874
3797,75,18,645
3456,75,14,527
312,40,18,337
1301,120,18,675
4180,120,6,674
3020,75,10,723
4723,40,10,542
4871,160,18,671
1550,210,18,943
4267,75,18,617
748,160,14,942
4775,60,14,518
4752,75,8,672
1652,210,14,600
115,160,20,952
1394,40,14,512
5151,210,8,1018
4677,75,18,518
3547,120,6,1000
5513,120,20,488
2634,75,8,744
4972,210,20,685
3465,120,6,1625
4650,210,8,1026
4646,120,18,642
4199,120,18,479
824,75,6,1158
44,75,20,585
985,210,8,793
3672,75,14,767
5306,210,14,632
1841,160,6,704
6161,160,10,1000
103,75,6,944
2908,60,10,739
5568,75,6,622
2405,160,10,823
3154,40,18,383
3822,120,10,680
269,210,14,673
1696,160,18,624
1909,75,20,312
777,120,18,930
2400,160,10,1017
5101,60,8,562
4352,120,6,839
3915,160,18,648
851,160,8,848
1801,120,14,506
1587,120,20,586
1231,75,6,613
5054,160,6,832
2859,160,10,880
5423,75,10,475
2072,120,14,898
4306,60,18,520
6040,75,8,905
1418,210,18,761
2487,120,10,656
4277,40,18,689
3281,120,8,688
141,75,8,929
4015,75,14,472
657,210,14,987
1705,160,18,616
3701,120,20,714
4439,60,10,524
3110,120,14,728
670,160,20,766
4149,120,8,633
54,75,20,778
812,160,14,1085
4536,120,18,701
328,75,18,520
549,120,14,1113
26,160,10,863
5703,40,20,283
32,160,10,1344
1252,75,8,576
251,40,20,450
3892,60,20,472
4389,210,10,817
2552,120,14,735
4664,160,6,829
1262,210,14,839
3913,160,18,689
693,60,18,904
4018,75,14,666
5966,160,20,750
4864,160,18,869
3203,60,18,386
5792,210,8,791
3998,40,8,504
1526,120,10,726
4977,210,20,552
4906,160,20,731
2219,75,10,719
2135,120,10,559
4919,210,6,1401
2529,160,6,1168
1055,75,18,686
4580,210,8,1008
491,75,18,832
294,60,10,720
1742,75,6,585
5275,120,8,712
5631,120,18,466
4793,40,8,585
5376,75,18,433
5708,210,18,497
5406,120,18,440
3147,75,20,600
4615,60,6,534
4614,60,6,578
4263,75,18,628
969,60,6,665
3039,160,20,783
5460,210,14,624
6078,75,18,527
4133,75,20,455
2636,160,20,870
954,60,8,695
4374,210,18,1208
432,40,6,923
1464,120,14,514
5664,210,6,886
4320,120,14,600
5893,120,20,855
3630,120,18,915
2438,210,10,1129
5804,120,14,903
6132,210,20,712
2299,60,8,833
4527,75,8,967
3912,160,18,687
933,75,20,608
5255,60,6,634
3889,210,6,1057
2690,75,10,616
2798,60,14,686
2852,160,10,944
3849,210,14,810
5668,210,6,711
2407,160,10,808
1130,75,14,664
6088,60,10,832
6127,160,14,930
2152,60,20,417
1616,160,20,647
1872,120,6,886
3233,160,14,857
3539,120,6,910
4721,40,10,586
2006,160,20,737
6080,60,10,489
2855,160,10,2310
5500,75,20,380
1892,210,10,704
5770,40,6,464
1847,60,8,360
2358,75,8,952
1829,40,20,243
3006,210,6,1331
5809,40,14,746
5157,60,18,530
4778,60,14,536
759,40,8,699
986,210,8,1167
3530,210,8,1111
3496,60,8,584
333,75,18,511
1689,40,10,432
3663,210,6,1040
2154,40,14,399
5051,120,10,814
3299,160,8,811
5142,160,18,496
2355,75,8,888
2723,160,14,745
1529,120,10,652
558,160,6,1142
705,40,10,727
1890,210,10,705
3772,75,20,616
4622,40,10,440
5681,160,20,517
2872,120,14,849
2713,60,8,967
5611,160,6,816
2200,60,10,549
3082,60,18,559
61,120,8,1032
4576,210,8,1106
1132,40,20,446
234,60,20,590
3556,210,10,1517
3028,40,20,433
1986,160,8,1062
5056,160,6,871
5819,210,8,1394
699,60,18,640
5572,75,6,480
640,210,6,1353
4602,75,14,610
1702,160,18,562
4806,210,18,861
6104,40,10,471
2345,60,14,600
895,40,14,698
5447,160,18,591
909,40,20,368
4395,40,8,434
5201,160,14,814
4535,120,18,874
6129,160,14,1046
19,75,14,728
5852,160,6,1682
5508,210,20,578
5014,120,6,809
166,40,14,455
3072,210,20,769
3140,40,8,690
4503,160,20,606
2353,75,8,749
4090,75,8,634
4273,40,18,815
263,210,14,1153
3875,160,20,698
3358,60,20,444
4467,75,20,432
1508,160,8,997
3200,60,10,800
4211,75,18,439
5610,160,6,823
130,120,18,647
4902,160,20,592
1348,160,18,746
2,210,8,1024
4479,40,14,371
743,60,20,648
6037,120,6,1160
4424,40,20,369
4855,60,6,503
2599,75,6,782
3664,210,6,1192
2626,75,8,727
362,210,10,784
2930,40,18,484
2979,75,6,1075
3799,40,14,726
899,40,14,582
5656,75,18,369
4562,75,10,600
2415,120,20,626
3095,75,18,479
5169,40,10,445
4162,160,8,938
4825,75,20,510
5976,75,6,656
2284,40,6,561
5544,120,8,728
3177,40,10,358
6117,210,18,801
1293,40,8,598
614,210,18,1031
5026,75,8,767
2421,75,14,584
2667,210,6,1199
3184,210,20,766
2918,160,18,802
4458,160,6,893
1077,210,20,839
1361,210,6,1262
5395,40,18,320
2783,210,14,848
841,60,20,694
1871,120,6,814
3085,60,18,581
1249,75,8,720
571,120,8,691
4569,160,18,656
1484,75,18,527
199,75,10,623
592,120,6,967
2482,120,10,749
1558,120,10,623
2402,160,10,810
2207,60,10,478
3681,40,20,622
1099,210,10,872
658,210,14,1046
5868,40,20,461
2278,210,18,689
5394,40,18,359
3323,210,14,872
4963,210,10,719
2951,40,10,674
790,60,14,599
644,40,14,1000
1581,75,18,601
3940,75,6,912
5165,60,18,422
2586,40,6,557
4375,210,18,976
4313,60,14,510
864,160,10,1096
543,120,14,815
3060,75,14,733
3853,210,14,590
5300,210,20,688
577,75,6,1064
4478,40,14,361
402,40,20,847
1111,210,14,960
1133,40,20,481
4476,40,14,368
3324,210,8,1112
1787,60,6,482
4474,40,14,328
4289,160,14,925
4683,60,18,482
2735,210,8,1363
3818,120,10,778
1094,120,14,750
4155,120,8,704
2456,60,14,587
5480,60,6,561
4099,60,18,467
920,40,6,545
928,75,20,794
2251,75,18,347
1971,75,14,744
4883,120,6,777
1473,120,6,609
4550,160,10,702
2416,120,20,711
4827,75,20,521
3850,210,14,680
4435,210,20,752
1360,60,14,520
5109,210,6,1327
1575,75,18,480
1151,160,14,768
2582,120,8,840
1733,60,18,366
1795,120,14,605
723,75,10,780
2026,160,14,731
3562,40,8,952
1940,40,20,417
4030,60,6,568
5910,210,14,744
3661,210,6,1233
3767,75,10,512
4979,210,20,582
1463,120,14,703
1223,120,8,826
1493,210,8,874
5055,160,6,928
4521,210,6,1064
2975,75,6,1247
126,160,18,737
3333,210,8,1278
3523,210,20,843
5237,160,8,792
804,160,14,1102
5371,75,18,386
113,160,20,882
669,160,20,761
1599,210,8,991
4739,120,10,697
5230,75,20,391
5392,40,18,311
5919,40,8,593
2197,160,6,1127
4648,210,8,1170
4104,60,18,463
885,120,6,1049
4027,120,20,618
4264,75,18,539
2265,210,8,1272
134,120,18,695
1778,160,8,632
1588,120,20,640
5226,75,20,394
96,60,18,456
4612,60,6,584
452,60,14,835
6094,60,14,600
5488,75,8,544
4286,60,20,586
443,60,8,886
800,40,18,560
4008,160,14,750
2795,60,14,503
5228,75,20,344
5045,120,10,889
3682,40,20,658
774,120,18,1047
3312,210,14,687
5430,60,10,551
2044,160,18,743
4432,210,20,674
232,60,20,441
4464,75,20,449
4543,120,18,690
1008,210,6,889
211,210,6,1221
289,40,10,672
2547,120,14,607
2104,210,10,1114
3671,75,14,528
5836,75,14,679
3508,60,10,1002
4814,210,14,980
5189,40,8,497
5801,120,14,739
1345,160,18,702
3692,60,18,529
2624,75,8,708
872,210,18,1162
2336,60,14,511
2338,60,14,506
2001,160,20,677
5734,40,18,256
3589,60,8,840
2913,60,10,878
4406,120,20,784
2686,75,20,423
4461,75,20,352
4336,120,10,736
2955,40,14,495
3637,120,18,748
750,160,14,1051
4156,120,8,832
2275,210,18,656
3695,60,18,721
5987,40,18,504
3909,60,8,527
1969,75,14,432
127,120,18,609
2287,40,6,520
2680,75,20,473
514,210,20,699
2662,40,18,367
1306,210,20,856
2970,60,8,847
3316,210,14,772
5554,160,8,920
1879,160,14,559
791,60,14,577
496,160,8,1047
2618,40,20,351
2604,60,20,544
1859,60,8,598
1595,210,8,780
1623,160,20,786
5658,75,18,360
2056,60,6,839
2263,210,8,1144
3250,210,6,904
136,120,18,630
4291,160,14,831
2715,60,8,793
4809,210,18,784
5103,60,8,656
802,40,18,575
3732,60,14,529
5724,120,6,576
1808,210,6,903
2858,160,10,1108
4221,210,18,576
4587,40,6,432
5959,160,20,714
11,75,14,672
1634,75,8,632
1308,210,20,912
964,60,10,527
1935,75,20,584
3657,40,18,602
4560,75,10,646
4604,75,14,552
2117,120,6,883
3339,75,10,1160
2953,40,10,626
2039,160,18,831
2009,40,8,575
2292,40,6,581
2349,75,8,552
4547,160,10,919
2467,210,18,807
6069,75,20,559
1125,75,14,526
5245,60,6,760
4768,120,20,745
4573,160,18,633
1403,160,6,889
3876,160,20,639
653,210,14,1303
2375,210,20,864
2674,210,6,952
5444,160,18,552
494,160,8,846
3155,40,18,381
5065,60,14,455
2443,75,18,720
4045,210,8,793
3390,120,20,698
1770,60,14,430
1760,40,18,387
268,210,14,792
1311,210,20,784
2540,120,18,758
4396,40,8,676
1224,120,8,799
530,75,14,599
4716,40,18,498
3991,40,8,519
698,60,18,657
1669,210,20,609
6013,120,18,903
2998,120,6,818
5022,75,8,675
606,160,18,631
218,160,14,955
454,60,14,867
1265,210,14,897
2386,160,8,920
2571,210,8,1000
1424,210,10,911
4992,40,6,682
5487,75,8,450
3910,60,8,600
729,210,8,1296
4117,120,14,614
4765,120,20,559
110,160,20,727
2143,60,20,359
2775,120,10,992
538,75,20,669
3305,40,20,353
254,40,20,432
1914,75,20,279
958,60,10,773
3610,40,10,534
5791,210,8,632
3037,160,20,768
1643,40,6,496
3660,210,6,1648
3132,40,8,568
4627,40,10,441
1912,75,20,256
7,210,8,922
4468,75,20,448
3166,75,6,808
1435,60,10,455
1565,120,18,608
1804,210,6,886
4658,210,8,1033
2910,60,10,869
2368,210,14,839
5469,120,14,504
2753,160,14,1009
2470,210,18,826
4567,160,18,776
938,75,10,951
4681,60,18,498
3226,160,14,914
3828,120,14,1046
433,40,6,920
3859,210,10,865
4541,120,18,600
4628,60,10,968
5709,210,18,558
5599,40,14,352
1913,75,20,287
5771,40,6,520
5244,160,8,816
3741,160,20,722
3443,40,14,512
5765,40,6,451
6023,60,6,951
3650,40,18,528
2246,75,18,648
3406,160,18,602
798,40,18,582
2448,75,18,830
3139,40,8,650
3208,60,18,432
2133,120,10,705
2558,160,18,752
5857,160,6,1673
2905,60,10,831
4444,60,10,548
5493,75,20,422
3607,75,6,891
4889,40,14,420
3442,75,8,743
4174,120,6,761
3483,210,10,769
2906,60,10,820
2574,120,8,808
551,120,14,975
5807,120,14,872
5633,120,18,520
4236,40,18,366
3769,75,20,490
931,75,20,494
1505,75,20,489
809,160,14,986
1106,210,10,953
1929,75,20,408
5153,210,8,673
3489,60,8,730
3967,120,10,615
3569,40,6,799
1322,60,8,616
2215,60,10,394
637,210,6,1034
1347,160,18,758
4224,210,18,638
4533,75,8,936
3734,60,14,600
2492,60,10,553
5144,210,8,968
3866,210,10,791
304,40,18,385
4821,75,20,466
4898,160,20,801
2052,210,14,840
5799,120,14,1264
3800,40,14,503
5411,160,10,936
1023,160,20,847
2226,75,10,721
1921,210,20,1120
4511,160,20,648
1828,40,20,237
2561,160,18,736
5356,210,18,656
3197,60,10,512
4691,60,8,642
1477,75,18,541
5021,75,8,753
5491,75,8,569
4635,60,10,712
5601,40,14,323
3856,210,14,937
5817,40,14,486
1920,210,20,1187
5842,40,6,560
4660,160,6,879
751,160,14,919
92,60,18,378
3847,160,18,678
1427,210,10,925
1646,210,14,710
5913,210,14,672
1674,210,20,638
1090,120,14,621
4613,60,6,614
3902,60,8,534
569,120,8,944
3223,160,6,1352
0,210,8,1146
793,60,14,600
4941,40,20,375
2304,60,8,559
4453,160,6,880
1906,75,20,382
4144,40,14,390
5993,160,8,624
5548,120,8,751
3138,40,8,598
3046,160,20,832
4075,210,20,733
5577,210,10,775
5556,160,8,799
5118,210,6,799
257,40,20,385
5755,75,14,395
5129,210,10,671
1899,75,10,428
4673,75,18,543
795,40,18,724
3781,210,18,791
2113,210,10,1086
5753,75,14,336
5538,40,10,449
407,40,20,704
1944,40,20,370
2633,75,8,1057
5131,210,10,769
3174,40,10,494
5812,40,14,484
2742,160,6,1093
47,75,20,718
3724,120,8,929
2819,210,18,1042
1761,40,18,319
2802,40,6,801
2563,210,8,1294
1850,60,8,397
5645,60,20,287
5821,210,8,1486
2366,210,14,911
4544,160,10,889
525,75,14,656
1358,60,14,504
1142,160,14,986
5086,160,10,691
879,120,8,834
5191,40,8,553
3011,210,6,1129
2114,210,10,1082
2119,120,6,1032
182,160,8,982
1838,160,6,762
1793,120,14,461
5315,120,14,488
3964,40,10,507
926,40,6,990
4188,60,10,721
2128,120,6,1042
1902,75,10,489
3894,60,20,513
298,60,10,528
2428,75,14,488
866,210,18,1009
801,40,18,560
446,60,8,815
5695,40,20,257
5078,60,10,511
2511,40,14,473
2882,120,8,884
3495,60,8,897
6156,60,20,472
6064,75,20,520
3863,210,10,712
1355,60,14,474
767,120,10,1369
1832,40,20,247
2514,60,18,553
1103,210,10,932
3486,60,8,697
5141,160,18,639
1567,120,18,511
1380,160,10,718
2068,120,14,761
3733,60,14,583
4355,210,14,824
1254,75,8,672
561,160,6,1120
3181,40,10,495
5896,120,20,695
5277,120,8,614
1175,40,18,488
5185,75,10,634
4463,75,20,421
570,120,8,966
4812,210,14,992
